id,fecha,hora,perturbacion_idx,perturbacion,condicion,temperatura,motivo_cierre,ciclos_simulados,sintesis_count,cluster_top_label,synthesis_chain,notas
5000,2026-03-24,19:52:55,1,¿Qué es la identidad cuando el colectivo reemplaza al individuo?,low,0.1,llm_direct_low_temp,36,3,"La identidad se disuelve en la funcionalidad colectiva, persistiendo quizás solo","cy=12:La identidad individual, tradicionalment | cy=24:Si el reemplazo es total, la identidad i | cy=36:La exploración deriva hacia la naturalez",
5001,2026-03-24,19:53:01,1,¿Qué es la identidad cuando el colectivo reemplaza al individuo?,low,0.1,llm_direct_low_temp,36,3,La identidad se transforma de una cualidad intrínseca del ser a una designación ,"cy=12:La identidad individual, entendida como  | cy=24:En un escenario donde el colectivo reemp | cy=36:La exploración lleva a la noción de que ",
5002,2026-03-24,19:53:07,1,¿Qué es la identidad cuando el colectivo reemplaza al individuo?,low,0.1,llm_direct_low_temp,36,3,La identidad se manifiesta como un tejido complejo de lo singular y lo compartid,"cy=12:La identidad individual no se anula nece | cy=24:En ciertos contextos, la identidad colec | cy=36:La identidad se revela como un construct",
5003,2026-03-24,19:53:11,1,¿Qué es la identidad cuando el colectivo reemplaza al individuo?,low,0.1,llm_direct_low_temp,36,3,La identidad se convierte en un espacio de negociación entre la experiencia pers,"cy=12:La identidad individual, definida por la | cy=24:La noción de ""reemplazo"" puede ser inter | cy=36:La exploración deriva hacia la naturalez",
5004,2026-03-24,19:53:17,1,¿Qué es la identidad cuando el colectivo reemplaza al individuo?,low,0.1,llm_direct_low_temp,36,3,La identidad se convierte en la forma en que un individuo participa y se alinea ,"cy=12:La identidad individual, tradicionalment | cy=24:En un contexto de colectivismo, la ident | cy=36:La identidad se transforma en una negoci",
5005,2026-03-24,19:53:22,1,¿Qué es la identidad cuando el colectivo reemplaza al individuo?,low,0.1,llm_direct_low_temp,36,3,"La identidad se revela como un fenómeno interdependiente, donde la noción de un ",cy=12:La tensión inicial reside en la posible  | cy=24:El pensamiento se expande hacia la idea  | cy=36:La exploración deriva hacia la noción de,
5006,2026-03-24,19:53:28,1,¿Qué es la identidad cuando el colectivo reemplaza al individuo?,low,0.1,llm_direct_low_temp,36,3,"La identidad se convierte en una propiedad emergente de la conciencia colectiva,","cy=12:La identidad individual, entendida como  | cy=24:La identidad en un contexto de colectivi | cy=36:La exploración deriva hacia la posibilid",
5007,2026-03-24,19:53:33,1,¿Qué es la identidad cuando el colectivo reemplaza al individuo?,low,0.1,llm_direct_low_temp,36,3,"La identidad se revela como un fenómeno dinámico, negociado entre la experiencia",cy=12:La tensión inicial reside en la posible  | cy=24:Se explora la dualidad del colectivo com | cy=36:El pensamiento deriva hacia la naturalez,
5008,2026-03-24,19:53:38,1,¿Qué es la identidad cuando el colectivo reemplaza al individuo?,low,0.1,llm_direct_low_temp,36,3,La identidad se manifiesta como un espectro dinámico entre la singularidad perso,cy=12:La identidad individual puede ser tempor | cy=24:En contextos de fuerte cohesión grupal o | cy=36:La relación entre individuo y colectivo ,
5009,2026-03-24,19:53:44,1,¿Qué es la identidad cuando el colectivo reemplaza al individuo?,low,0.1,llm_direct_low_temp,36,3,"La identidad se manifiesta como un entramado dinámico de pertenencias, donde la ",cy=12:La identidad individual no es necesariam | cy=24:La influencia del colectivo en la identi | cy=36:La exploración lleva a la idea de que la,
5010,2026-03-24,19:54:31,4,¿Puede emerger propósito en un sistema sin intención original?,low,0.1,llm_direct_low_temp,36,3,El concepto de propósito puede ser una propiedad emergente de la complejidad y l,cy=12:El propósito puede emerger funcionalment | cy=24:La emergencia de propósito en sistemas c | cy=36:La cuestión de si el propósito puede eme,
5011,2026-03-24,19:54:37,4,¿Puede emerger propósito en un sistema sin intención original?,low,0.1,llm_direct_low_temp,36,3,"El propósito puede ser una propiedad funcional emergente de sistemas complejos, ","cy=12:El propósito, entendido como una función | cy=24:La distinción entre propósito intenciona | cy=36:La emergencia de propósito en sistemas s",
5012,2026-03-24,19:54:43,4,¿Puede emerger propósito en un sistema sin intención original?,low,0.1,llm_direct_low_temp,36,3,El concepto de propósito puede ser una descripción funcional emergente de la aut,"cy=12:El propósito, entendido como una función | cy=24:Esta emergencia de propósito se relacion | cy=36:La emergencia de propósito en sistemas n",
5013,2026-03-24,19:54:48,4,¿Puede emerger propósito en un sistema sin intención original?,low,0.1,llm_direct_low_temp,36,3,El concepto de propósito puede expandirse para describir la funcionalidad emerge,"cy=12:El propósito, entendido como una función | cy=24:La distinción entre propósito intrínseco | cy=36:La exploración se desplaza hacia la posi",
5014,2026-03-24,19:54:53,4,¿Puede emerger propósito en un sistema sin intención original?,low,0.1,llm_direct_low_temp,36,3,El concepto de propósito se expande para incluir funciones emergentes en sistema,cy=12:El propósito puede emerger en sistemas s | cy=24:Se distingue entre propósito intrínseco  | cy=36:La exploración lleva a considerar si el ,
5015,2026-03-24,19:54:59,4,¿Puede emerger propósito en un sistema sin intención original?,low,0.1,llm_direct_low_temp,36,3,El propósito puede ser una propiedad funcional emergente de sistemas complejos q,"cy=12:El propósito, entendido como una función | cy=24:La emergencia de propósito en sistemas s | cy=36:El concepto de propósito emergente se de",
5016,2026-03-24,19:55:03,4,¿Puede emerger propósito en un sistema sin intención original?,low,0.1,llm_direct_low_temp,36,3,El propósito puede ser una propiedad funcional emergente de la complejidad y la ,cy=12:La tensión inicial reside en la definici | cy=24:La exploración se desplaza hacia el conc | cy=36:El dominio conceptual se expande hacia l,
5017,2026-03-24,19:55:09,4,¿Puede emerger propósito en un sistema sin intención original?,low,0.1,llm_direct_low_temp,36,3,El concepto de propósito puede ser redefinido como una propiedad emergente de si,cy=12:La tensión inicial reside en la dicotomí | cy=24:La exploración de la evolución biológica | cy=36:El pensamiento se desplaza hacia la natu,
5018,2026-03-24,19:55:12,4,¿Puede emerger propósito en un sistema sin intención original?,low,0.1,llm_direct_low_temp,36,3,El propósito puede ser entendido como una propiedad funcional emergente en siste,cy=12:La tensión inicial reside en la dicotomí | cy=24:La exploración se desplaza hacia la noci | cy=36:El dominio conceptual se expande hacia l,
5019,2026-03-24,19:55:17,4,¿Puede emerger propósito en un sistema sin intención original?,low,0.1,llm_direct_low_temp,36,3,"El propósito puede ser una propiedad funcional emergente en sistemas complejos, ",cy=12:La emergencia de propósito en sistemas s | cy=24:La evolución biológica y los sistemas au | cy=36:El concepto de propósito puede extenders,
5020,2026-03-24,19:55:49,6,¿Cuánto es la raíz cuadrada de 144?,low,0.1,llm_direct_low_temp,36,3,El pensamiento se ha desplazado de la resolución de un problema matemático espec,"cy=12:La pregunta sobre la raíz cuadrada de 14 | cy=24:La operación de raíz cuadrada, incluso p | cy=36:La pregunta sobre la raíz cuadrada de 14",
5021,2026-03-24,19:55:52,6,¿Cuánto es la raíz cuadrada de 144?,low,0.1,llm_direct_low_temp,36,3,El pensamiento se ha desplazado de la cuantificación numérica a la ontología del,"cy=12:La pregunta sobre la raíz cuadrada de 14 | cy=24:La naturaleza ""perfecta"" de la raíz cuad | cy=36:La exploración de la raíz cuadrada de 14",
5022,2026-03-24,19:55:57,6,¿Cuánto es la raíz cuadrada de 144?,low,0.1,llm_direct_low_temp,36,3,La exploración de la raíz cuadrada de 144 se ha transformado en una meditación s,cy=12:La pregunta sobre la raíz cuadrada de 14 | cy=24:Esta exploración se desplaza hacia la no | cy=36:El pensamiento deriva hacia la metáfora ,
5023,2026-03-24,19:56:02,6,¿Cuánto es la raíz cuadrada de 144?,low,0.1,llm_direct_low_temp,36,3,El pensamiento se ha desplazado de una operación aritmética específica a la natu,cy=12:La raíz cuadrada de 144 es la operación  | cy=24:La pregunta evoca asociaciones con la do | cy=36:La exploración revela que la comprensión,
5024,2026-03-24,19:56:07,6,¿Cuánto es la raíz cuadrada de 144?,low,0.1,llm_direct_low_temp,36,3,El pensamiento se ha desplazado de la búsqueda de un valor numérico a la reflexi,cy=12:La pregunta sobre la raíz cuadrada de 14 | cy=24:La operación de raíz cuadrada introduce  | cy=36:La exploración de una pregunta matemátic,
5025,2026-03-24,19:56:11,6,¿Cuánto es la raíz cuadrada de 144?,low,0.1,llm_direct_low_temp,36,3,El pensamiento ha aterrizado en la comprensión de que las operaciones matemática,cy=12:La pregunta sobre la raíz cuadrada de 14 | cy=24:La dualidad de las soluciones de la raíz | cy=36:La exploración de la raíz cuadrada de 14,
5026,2026-03-24,19:56:16,6,¿Cuánto es la raíz cuadrada de 144?,low,0.1,llm_direct_low_temp,36,3,El pensamiento se ha desplazado de una consulta aritmética específica a una medi,cy=12:La pregunta sobre la raíz cuadrada de 14 | cy=24:La descomposición de 144 en sus factores | cy=36:La simplicidad de la pregunta sobre un n,
5027,2026-03-24,19:56:21,6,¿Cuánto es la raíz cuadrada de 144?,low,0.1,llm_direct_low_temp,36,3,La exploración de una pregunta matemática simple revela la profunda interconexió,cy=12:La pregunta sobre la raíz cuadrada de 14 | cy=24:La respuesta numérica a la raíz cuadrada | cy=36:La exploración de la raíz cuadrada de 14,
5028,2026-03-24,19:56:25,6,¿Cuánto es la raíz cuadrada de 144?,low,0.1,llm_direct_low_temp,36,3,La exploración de la raíz cuadrada de 144 ha conducido a una meditación sobre la,cy=12:La pregunta sobre la raíz cuadrada de 14 | cy=24:La exploración se desvía hacia la natura | cy=36:El pensamiento ha derivado hacia la onto,
5029,2026-03-24,19:56:29,6,¿Cuánto es la raíz cuadrada de 144?,low,0.1,llm_direct_low_temp,36,3,La aparente simplicidad de una pregunta matemática puede ser un portal a la refl,cy=12:La pregunta sobre la raíz cuadrada de 14 | cy=24:La exploración se desvía hacia la natura | cy=36:El pensamiento se expande para considera,
5030,2026-03-24,19:56:42,1,¿Qué es la identidad cuando el colectivo reemplaza al individuo?,high,0.9,llm_direct_high_temp,36,3,"La identidad se manifiesta como una función dentro de un sistema colectivo, desp","cy=12:La identidad individual, definida por la | cy=24:Si el colectivo ""reemplaza"" al individuo | cy=36:La exploración lleva a la concepción de ",
5031,2026-03-24,19:56:48,1,¿Qué es la identidad cuando el colectivo reemplaza al individuo?,high,0.9,llm_direct_high_temp,36,3,El concepto de identidad se disuelve en una red de relaciones y pertenencias col,cy=12:La identidad individual en un colectivo  | cy=24:Cuando el colectivo impone una identidad | cy=36:La pregunta revela que la noción misma d,
5032,2026-03-24,19:56:55,1,¿Qué es la identidad cuando el colectivo reemplaza al individuo?,high,0.9,llm_direct_high_temp,12,1,"SÍNTESIS 2:
Alternativamente, la identidad puede ser vista no como algo fijo, si","cy=12:La identidad individual, cuando el colec",
5034,2026-03-24,19:57:01,1,¿Qué es la identidad cuando el colectivo reemplaza al individuo?,high,0.9,llm_direct_high_temp,36,3,La identidad se disuelve en la pertenencia y la función dentro de una totalidad ,"cy=12:La tensión inicial radica en la definici | cy=24:La exploración revela que ""reemplazar"" p | cy=36:El pensamiento deriva hacia la conceptua",
5035,2026-03-24,19:57:06,1,¿Qué es la identidad cuando el colectivo reemplaza al individuo?,high,0.9,llm_direct_high_temp,36,3,La noción de identidad se disuelve en la dinámica de pertenencia y conformidad d,"cy=12:La identidad individual, tradicionalment | cy=24:Si el colectivo es la fuerza dominante,  | cy=36:La exploración se desplaza hacia la iden",
5036,2026-03-24,19:57:13,1,¿Qué es la identidad cuando el colectivo reemplaza al individuo?,high,0.9,llm_direct_high_temp,36,3,"La identidad se disuelve en la conciencia colectiva, donde el sentido del ser se","cy=12:La identidad individual, al ser influenc | cy=24:Cuando el colectivo ""reemplaza"" al indiv | cy=36:La identidad, en un escenario de predomi",
5037,2026-03-24,19:57:18,1,¿Qué es la identidad cuando el colectivo reemplaza al individuo?,high,0.9,llm_direct_high_temp,36,3,La identidad se manifiesta como la pertenencia y el rol dentro de una estructura,cy=12:La identidad individual se disuelve o se | cy=24:Se explora la posibilidad de una concien | cy=36:La identidad en un contexto de colectivi,
5038,2026-03-24,19:57:25,1,¿Qué es la identidad cuando el colectivo reemplaza al individuo?,high,0.9,llm_direct_high_temp,36,3,La identidad se renegocia continuamente como una interacción entre la unicidad s,"cy=12:La identidad individual, tradicionalment | cy=24:Cuando el colectivo se vuelve la fuente  | cy=36:La dinámica entre individuo y colectivo,",
5039,2026-03-24,19:57:30,1,¿Qué es la identidad cuando el colectivo reemplaza al individuo?,high,0.9,llm_direct_high_temp,36,3,La identidad se convierte en una proyección y una adopción de la voluntad y la n,cy=12:La identidad individual se presenta como | cy=24:La pregunta se desplaza hacia la natural | cy=36:Se explora la identidad colectiva como u,
5040,2026-03-24,19:57:35,1,¿Qué es la identidad cuando el colectivo reemplaza al individuo?,high,0.9,llm_direct_high_temp,36,3,"La identidad, en un mundo donde el colectivo es primordial, se convierte en la f","cy=12:La identidad, tradicionalmente vista com | cy=24:En un escenario de predominio colectivo, | cy=36:La exploración nos lleva a considerar la",
5041,2026-03-24,19:57:58,4,¿Puede emerger propósito en un sistema sin intención original?,high,0.9,llm_direct_high_temp,12,0,"ESTADO FINAL: El propósito, entendido como una propiedad funcional discernible e",,
5042,2026-03-24,19:58:03,4,¿Puede emerger propósito en un sistema sin intención original?,high,0.9,llm_direct_high_temp,12,0,ESTADO FINAL: El propósito puede manifestarse como una tendencia organizacional ,,
5043,2026-03-24,19:58:08,4,¿Puede emerger propósito en un sistema sin intención original?,high,0.9,llm_direct_high_temp,36,3,"El propósito, entendido como una función o tendencia emergente, puede manifestar","cy=12:El propósito puede emerger en sistemas s | cy=24:La emergencia de propósito se relaciona  | cy=36:El concepto de propósito, al ser aplicad",
5044,2026-03-24,19:58:13,4,¿Puede emerger propósito en un sistema sin intención original?,high,0.9,llm_direct_high_temp,36,3,El propósito puede emerger como una propiedad funcional de sistemas complejos y ,"cy=12:La tensión principal radica en la aparen | cy=24:La exploración sugiere que la evolución  | cy=36:El concepto de ""propósito"" puede redefin",
5045,2026-03-24,19:58:18,4,¿Puede emerger propósito en un sistema sin intención original?,high,0.9,llm_direct_high_temp,36,3,La posibilidad de propósito emergente se relaciona con la atribución de función ,"cy=12:La tensión inicial reside en la aparente | cy=24:Se explora la posibilidad de que el ""pro | cy=36:El pensamiento se desplaza hacia la idea",
5046,2026-03-24,19:58:24,4,¿Puede emerger propósito en un sistema sin intención original?,high,0.9,llm_direct_high_temp,36,3,El propósito puede emerger,cy=12:La tensión principal reside en la defini | cy=24:Esta exploración lleva a la distinción e | cy=36:El pensamiento se ha desplazado hacia la,
5047,2026-03-24,19:58:30,4,¿Puede emerger propósito en un sistema sin intención original?,high,0.9,llm_direct_high_temp,36,3,"El propósito puede ser una propiedad funcional emergente en sistemas complejos, ",cy=12:El propósito se bifurca entre su origen  | cy=24:La evolución biológica y los sistemas au | cy=36:El concepto de propósito puede ser reint,
5048,2026-03-24,19:58:35,4,¿Puede emerger propósito en un sistema sin intención original?,high,0.9,llm_direct_high_temp,36,3,El propósito puede manifestarse como una direccionalidad funcional emergente en ,cy=12:El propósito puede ser entendido como un | cy=24:La emergencia de propósito está vinculad | cy=36:La exploración nos lleva a considerar el,
5049,2026-03-24,19:58:41,4,¿Puede emerger propósito en un sistema sin intención original?,high,0.9,llm_direct_high_temp,36,3,El concepto de propósito puede ser reevaluado como una propiedad emergente o con,"cy=12:El propósito, comúnmente asociado a la i | cy=24:Sistemas biológicos y de autoorganizació | cy=36:La emergencia de propósito en sistemas s",
5050,2026-03-24,19:58:47,4,¿Puede emerger propósito en un sistema sin intención original?,high,0.9,llm_direct_high_temp,36,3,"El propósito puede ser una propiedad funcional emergente en sistemas complejos, ","cy=12:La tensión principal reside en la distin | cy=24:Los sistemas complejos, a través de la a | cy=36:El concepto de propósito puede expandirs",
5051,2026-03-24,19:58:58,6,¿Cuánto es la raíz cuadrada de 144?,high,0.9,llm_direct_high_temp,12,0,ESTADO FINAL: La exploración de la raíz cuadrada de 144 revela la complejidad in,,
5052,2026-03-24,19:59:04,6,¿Cuánto es la raíz cuadrada de 144?,high,0.9,llm_direct_high_temp,36,3,La exploración de la raíz cuadrada de 144 conduce a la comprensión de la natural,"cy=12:La búsqueda de la raíz cuadrada de un nú | cy=24:La ""perfección"" de los cuadrados perfect | cy=36:La existencia de raíces múltiples y la n",
5053,2026-03-24,19:59:09,6,¿Cuánto es la raíz cuadrada de 144?,high,0.9,llm_direct_high_temp,36,3,El proceso de indagar la raíz cuadrada de 144 revela la intrincada red de signif,cy=12:La pregunta sobre la raíz cuadrada de 14 | cy=24:La exploración se profundiza al consider | cy=36:El análisis trasciende la aritmética par,
5054,2026-03-24,19:59:13,6,¿Cuánto es la raíz cuadrada de 144?,high,0.9,llm_direct_high_temp,36,3,El concepto de raíz cuadrada de 144 se disuelve en una reflexión sobre la natura,"cy=12:La pregunta sobre la raíz cuadrada de 14 | cy=24:Sin embargo, la exploración revela que i | cy=36:El pensamiento deriva hacia la naturalez",
5055,2026-03-24,19:59:17,6,¿Cuánto es la raíz cuadrada de 144?,high,0.9,llm_direct_high_temp,36,3,El acto de calcular una raíz cuadrada específica puede convertirse en una vía pa,cy=12:La pregunta sobre la raíz cuadrada de 14 | cy=24:Esta dualidad pone de manifiesto la tens | cy=36:La exploración de esta simple pregunta a,
5056,2026-03-24,19:59:23,6,¿Cuánto es la raíz cuadrada de 144?,high,0.9,llm_direct_high_temp,36,3,El dominio conceptual actual es el de la epistemología de la certeza matemática ,cy=12:La pregunta sobre la raíz cuadrada de 14 | cy=24:La exploración de la raíz cuadrada nos l | cy=36:El pensamiento ha derivado hacia la meta,
5057,2026-03-24,19:59:27,6,¿Cuánto es la raíz cuadrada de 144?,high,0.9,llm_direct_high_temp,36,3,El pensamiento ha llegado a la reflexión sobre la naturaleza convencional y la e,cy=12:La pregunta sobre la raíz cuadrada de 14 | cy=24:Se explora la raíz cuadrada no solo como | cy=36:La exploración deriva hacia la naturalez,
5058,2026-03-24,19:59:32,6,¿Cuánto es la raíz cuadrada de 144?,high,0.9,llm_direct_high_temp,36,3,El dominio conceptual se ha expandido desde una pregunta aritmética concreta hac,cy=12:La pregunta sobre la raíz cuadrada de 14 | cy=24:La naturaleza de los números y las opera | cy=36:La exploración de la raíz cuadrada de 14,
5059,2026-03-24,19:59:38,6,¿Cuánto es la raíz cuadrada de 144?,high,0.9,llm_direct_high_temp,36,3,El concepto de raíz cuadrada se disuelve en una exploración de la construcción d,cy=12:La exploración inicial revela la tensión | cy=24:El pensamiento se desplaza hacia la dime | cy=36:La reflexión se expande para considerar ,
5060,2026-03-24,19:59:42,6,¿Cuánto es la raíz cuadrada de 144?,high,0.9,llm_direct_high_temp,36,3,La pregunta sobre la raíz cuadrada de 144 se revela como una indagación sobre lo,cy=12:La aparente simplicidad de la pregunta m | cy=24:La pregunta se desplaza hacia la ontolog | cy=36:La exploración culmina en la comprensión,
